genre,description,createdAt,updatedAt,Bookid
Documentary,Re-contextualized radical system engine,Date.now(),Date.now(),11
Crime|Drama,Object-based composite matrix,Date.now(),Date.now(),7
Documentary,Multi-channelled context-sensitive solution,Date.now(),Date.now(),69
Comedy|Crime,Reactive needs-based Graphic Interface,Date.now(),Date.now(),98
Action|Sci-Fi|Thriller,Open-architected systemic info-mediaries,Date.now(),Date.now(),57
Animation|Horror,Integrated value-added customer loyalty,Date.now(),Date.now(),63
Drama|Thriller,Mandatory mission-critical circuit,Date.now(),Date.now(),16
Drama,Re-engineered bottom-line help-desk,Date.now(),Date.now(),69
Comedy|Drama,Monitored mobile standardization,Date.now(),Date.now(),88
Drama|Musical,Secured demand-driven migration,Date.now(),Date.now(),28
Drama,Customer-focused upward-trending complexity,Date.now(),Date.now(),91
Documentary,Robust logistical extranet,Date.now(),Date.now(),64
Comedy|Romance,Customer-focused exuding knowledge base,Date.now(),Date.now(),79
Drama,Persevering directional Graphic Interface,Date.now(),Date.now(),93
Comedy,Up-sized directional capacity,Date.now(),Date.now(),100
Horror,Persistent contextually-based ability,Date.now(),Date.now(),47
Comedy|Musical,Face to face mobile moratorium,Date.now(),Date.now(),75
Adventure|Comedy,Focused disintermediate protocol,Date.now(),Date.now(),75
Action|Thriller,Organized analyzing product,Date.now(),Date.now(),32
Drama|Thriller,Managed discrete task-force,Date.now(),Date.now(),37
Action|Animation|Horror,Quality-focused content-based pricing structure,Date.now(),Date.now(),76
Adventure|Drama,Exclusive 24 hour time-frame,Date.now(),Date.now(),23
Drama,Diverse tertiary structure,Date.now(),Date.now(),27
Crime|Drama,Enterprise-wide global access,Date.now(),Date.now(),8
Action|Drama|Musical|Romance,Function-based fault-tolerant analyzer,Date.now(),Date.now(),70
